,ID,pclass,sex,age,sibsp,parch,fare,embarked,survived
0,1,3,male,20.0,0,0,4.0,C,0
1,2,3,female,18.0,0,0,7.2,C,1
2,3,2,male,29.3817537087912,0,0,15.6,C,0
3,4,2,male,29.3817537087912,0,0,0.0,S,0
4,5,3,female,2.0,3,2,27.9,S,0
5,6,1,male,45.0,0,0,29.7,C,1
6,7,1,male,50.0,1,0,106.4,C,0
7,8,2,male,18.0,0,0,10.5,S,0
8,9,2,male,44.0,1,0,32.398897464167575,S,0
9,10,1,female,23.0,3,2,263.0,S,1
10,11,2,male,25.0,0,0,10.5,S,0
11,12,3,female,29.3817537087912,0,0,7.7,Q,1
12,13,1,female,22.0,0,0,151.6,S,1
13,14,3,female,29.3817537087912,2,0,23.3,Q,1
14,15,1,male,30.0,1,0,57.8,C,1
15,16,1,female,55.0,0,0,135.6,C,1
16,17,3,male,32.0,0,0,22.5,S,0
17,18,3,male,26.0,0,0,7.9,Q,0
18,19,1,male,29.3817537087912,0,0,26.0,S,0
19,20,1,male,37.0,1,1,83.2,C,0
20,21,2,female,22.0,0,0,10.5,S,1
21,22,3,male,29.3817537087912,1,2,23.5,S,0
22,23,3,male,20.0,1,0,7.9,S,1
23,24,2,male,28.0,0,0,13.5,S,0
24,25,3,male,28.0,0,0,7.9,S,0
25,26,2,male,25.0,0,0,10.5,S,0
26,27,1,female,30.0,0,0,31.0,C,1
27,28,1,male,41.0,1,0,32.398897464167575,S,0
28,29,3,female,35.0,0,0,7.8,Q,0
29,30,2,female,27.0,1,0,21.0,S,0
30,31,2,female,36.0,0,3,39.0,S,1
31,32,2,male,30.0,0,0,10.5,S,0
32,33,1,female,47.0,1,1,52.6,S,1
33,34,3,female,22.0,0,0,7.8,S,1
34,35,2,male,23.0,0,0,15.0,C,0
35,36,2,female,8.0,0,2,26.3,S,1
36,37,3,male,29.0,0,0,7.9,S,0
37,38,3,female,29.3817537087912,0,0,7.8,Q,1
38,39,1,male,25.0,1,0,55.4,C,1
39,40,1,male,36.0,0,0,75.2,C,0
40,41,3,male,21.0,0,0,7.9,S,0
41,42,2,female,29.3817537087912,0,0,12.4,Q,1
42,43,3,female,18.0,0,1,14.5,C,0
43,44,3,male,29.3817537087912,0,0,7.3,S,0
44,45,3,male,19.0,0,0,0.0,S,0
45,46,3,female,45.0,0,0,7.8,S,0
46,47,1,male,53.0,0,0,28.5,C,1
47,48,3,female,31.0,1,1,20.5,S,1
48,49,3,male,25.0,0,0,7.3,S,0
49,50,3,male,21.0,0,0,7.8,Q,0
50,51,3,male,12.0,1,0,11.2,C,1
51,52,1,male,39.0,1,0,71.3,C,0
52,53,1,male,50.0,1,1,211.5,C,0
53,54,3,male,18.0,0,0,7.8,S,0
54,55,1,male,36.0,0,0,40.1,C,0
55,56,2,male,63.0,1,0,26.0,S,0
56,57,2,male,32.5,1,0,30.1,C,0
57,58,3,male,55.5,0,0,8.1,S,0
58,59,3,male,19.0,0,0,7.9,S,0
59,60,1,male,38.0,0,0,0.0,S,0
60,61,2,male,27.0,0,0,15.0,C,0
61,62,3,male,22.0,0,0,7.2,C,1
62,63,3,male,34.0,1,1,32.398897464167575,S,0
63,64,3,male,29.3817537087912,0,0,7.8,Q,0
64,65,2,male,42.0,0,0,13.0,S,0
65,66,3,male,23.0,0,0,7.8,S,1
66,67,1,female,17.0,1,0,57.0,S,1
67,68,3,male,33.0,0,0,8.7,C,0
68,69,1,male,24.0,1,0,82.3,S,1
69,70,3,male,21.0,0,0,7.9,S,0
70,71,3,male,24.0,2,0,24.2,S,0
71,72,1,female,41.0,0,0,134.5,C,1
72,73,2,female,19.0,1,0,26.0,S,1
73,74,2,female,36.0,1,0,26.0,S,1
74,75,1,male,48.0,0,0,26.6,S,1
75,76,2,male,16.0,0,0,10.5,S,0
76,77,3,male,29.3817537087912,0,0,8.1,S,0
77,78,1,male,35.0,0,0,26.6,C,1
78,79,1,female,49.0,0,0,25.9,S,1
79,80,3,male,29.3817537087912,1,1,15.2,C,1
80,81,2,male,23.0,1,0,10.5,S,0
81,82,1,female,31.0,0,0,32.398897464167575,C,1
82,83,1,male,36.0,1,0,78.9,S,0
83,84,3,male,32.5,0,0,9.5,S,0
84,85,3,male,44.0,0,0,8.1,S,0
85,86,3,male,29.3817537087912,1,0,14.5,C,0
86,87,3,male,4.0,3,2,27.9,S,0
87,88,3,male,16.0,1,1,20.3,S,0
88,89,1,female,40.0,0,0,32.398897464167575,S,1
89,90,3,male,25.0,0,0,32.398897464167575,C,0
90,91,3,male,9.0,5,2,46.9,S,0
91,92,1,male,22.0,0,0,135.6,C,0
92,93,1,male,47.0,1,0,227.5,C,0
93,94,3,female,15.0,0,0,7.2,C,1
94,95,3,male,6.0,0,1,12.5,S,1
95,96,3,male,29.3817537087912,0,0,7.6,S,0
96,97,2,male,21.0,1,0,11.5,S,0
97,98,1,male,55.0,0,0,50.0,S,0
98,99,1,female,51.0,1,0,78.0,S,1
99,100,3,male,50.0,0,0,8.1,S,0
100,101,3,male,29.3817537087912,0,0,7.8,Q,0
101,102,3,male,29.3817537087912,0,0,7.9,S,1
102,103,1,male,35.0,0,0,512.3,C,1
103,104,3,female,18.0,2,0,18.0,S,0
104,105,2,female,33.0,1,2,27.8,S,1
105,106,1,female,22.0,0,1,59.4,C,1
106,107,1,male,30.0,1,2,151.6,S,0
107,108,3,male,29.3817537087912,0,0,7.2,C,0
108,109,1,male,31.0,1,0,52.0,S,0
109,110,3,female,19.0,0,0,7.9,Q,1
110,111,3,female,29.3817537087912,1,0,15.5,Q,1
111,112,2,female,22.0,0,0,21.0,S,0
112,113,3,male,29.3817537087912,0,0,7.8,Q,1
113,114,3,male,36.0,0,0,0.0,S,0
114,115,3,male,27.0,0,0,8.7,S,0
115,116,3,male,17.0,0,0,8.7,S,0
116,117,3,male,29.3817537087912,2,0,21.7,C,0
117,118,1,female,33.0,0,0,86.5,S,1
118,119,3,male,29.3817537087912,8,2,69.6,S,0
119,120,3,male,34.0,0,0,6.5,S,0
120,121,1,female,35.0,1,0,90.0,S,1
121,122,3,male,27.0,0,0,7.9,S,0
122,123,2,female,24.0,0,2,14.5,S,1
123,124,3,female,15.0,0,0,8.0,Q,1
124,125,1,female,18.0,1,0,60.0,S,1
125,126,2,male,26.0,0,0,10.5,S,0
126,127,3,male,29.3817537087912,0,0,7.6,S,0
127,128,1,female,38.0,0,0,227.5,C,1
128,129,2,male,21.0,0,0,13.0,S,0
129,130,3,female,26.0,0,0,7.9,S,1
130,131,3,male,17.0,0,0,8.7,S,0
131,132,2,male,42.0,1,1,32.5,S,0
132,133,3,female,29.3817537087912,0,2,15.2,C,1
133,134,1,male,43.0,1,0,27.7,C,1
134,135,3,female,29.3817537087912,1,0,15.5,Q,1
135,136,3,female,9.0,4,2,32.398897464167575,S,0
136,137,1,female,22.0,0,1,62.0,C,1
137,138,3,female,9.0,1,1,15.2,C,0
138,139,1,male,50.0,0,0,26.0,S,0
139,140,2,male,32.0,0,0,13.0,S,0
140,141,3,male,22.0,0,0,7.8,S,0
141,142,2,female,0.9167,1,2,27.8,S,1
142,143,3,male,0.4167,0,1,8.5,C,1
143,144,2,male,18.0,0,0,13.0,S,0
144,145,3,male,9.0,0,2,20.5,S,1
145,146,3,male,29.3817537087912,2,0,21.7,C,0
146,147,3,female,29.3817537087912,8,2,69.6,S,0
147,148,3,male,11.0,5,2,46.9,S,0
148,149,2,male,52.0,0,0,13.0,S,0
149,150,3,male,29.0,0,0,8.1,S,0
150,151,3,male,16.0,0,0,9.5,S,0
151,152,1,female,48.0,0,0,25.9,S,1
152,153,3,female,23.0,0,0,8.7,S,0
153,154,3,male,35.0,0,0,8.1,S,0
154,155,2,female,60.0,1,0,26.0,S,0
155,156,3,female,36.0,1,0,17.4,S,1
156,157,3,male,31.0,0,0,7.9,S,1
157,158,3,male,23.0,0,0,9.2,S,0
158,159,3,male,29.3817537087912,0,0,7.8,Q,0
159,160,3,male,42.0,0,1,8.4,S,0
160,161,3,female,24.0,0,2,16.7,S,1
161,162,1,male,47.0,0,0,25.6,S,0
162,163,3,male,29.3817537087912,0,0,8.1,S,0
163,164,2,male,18.0,0,0,73.5,S,0
164,165,3,female,22.0,0,0,7.7,Q,1
165,166,3,male,60.5,0,0,32.398897464167575,S,0
166,167,3,female,29.0,1,1,10.5,S,0
167,168,3,male,17.0,2,0,8.1,S,0
168,169,3,male,26.0,1,0,7.9,S,0
169,170,3,female,29.3817537087912,0,0,8.1,S,0
170,171,2,male,19.0,1,1,36.8,S,0
171,172,2,female,40.0,1,1,39.0,S,1
172,173,3,male,18.0,1,0,14.5,C,0
173,174,2,male,23.0,0,0,10.5,S,0
174,175,3,male,21.0,0,0,7.8,S,1
175,176,3,male,26.0,0,0,7.9,S,0
176,177,2,female,36.0,0,0,13.0,S,1
177,178,3,male,38.5,0,0,7.3,S,0
178,179,3,male,9.0,4,2,31.4,S,0
179,180,3,female,29.3817537087912,0,2,7.8,Q,0
180,181,3,female,15.0,1,0,14.5,C,1
181,182,3,male,26.0,0,0,7.8,S,0
182,183,3,female,47.0,1,0,7.0,S,1
183,184,3,female,29.3817537087912,0,0,7.8,Q,1
184,185,2,male,29.3817537087912,0,0,12.9,S,0
185,186,1,female,22.0,0,2,49.5,C,1
186,187,3,female,5.0,2,1,19.3,C,1
187,188,3,female,18.0,0,0,6.8,Q,0
188,189,2,male,29.0,1,0,27.7,C,0
189,190,2,male,8.0,1,1,36.8,S,1
190,191,3,male,29.0,0,0,9.5,S,0
191,192,3,male,24.5,0,0,8.1,S,0
192,193,3,male,50.0,1,0,14.5,S,0
193,194,3,male,32.0,0,0,7.9,S,0
194,195,2,male,2.0,1,1,23.0,S,1
195,196,3,male,32.0,0,0,7.9,S,0
196,197,1,female,16.0,0,1,39.4,S,1
197,198,2,male,28.0,0,0,13.0,S,0
198,199,3,male,25.0,0,0,7.1,S,0
199,200,1,female,35.0,1,0,52.0,S,1
200,201,1,female,55.0,2,0,25.7,S,1
201,202,3,female,29.3817537087912,0,0,7.9,Q,0
202,203,2,female,23.0,0,0,13.8,C,1
203,204,2,male,31.0,0,0,13.0,S,1
204,205,3,female,36.0,0,2,15.9,S,1
205,206,3,male,22.0,0,0,7.3,S,0
206,207,3,female,22.0,0,0,10.5,S,0
207,208,2,male,43.0,0,1,21.0,S,0
208,209,3,female,20.0,1,0,9.8,S,0
209,210,3,female,23.0,0,0,7.9,S,0
210,211,2,female,17.0,0,0,12.0,C,1
211,212,2,female,24.0,1,2,65.0,S,1
212,213,1,male,41.0,0,0,30.5,S,0
213,214,2,male,30.0,0,0,13.0,S,0
214,215,3,male,28.0,0,0,56.5,S,0
215,216,3,male,32.0,0,0,7.9,S,1
216,217,3,female,30.0,0,0,12.5,S,1
217,218,2,male,19.0,0,0,10.5,S,1
218,219,2,female,38.0,0,0,13.0,S,0
219,220,1,female,63.0,1,0,221.8,S,0
220,221,2,male,47.0,0,0,15.0,S,0
221,222,3,female,22.0,0,0,39.7,S,0
222,223,3,male,6.0,3,1,21.1,S,0
223,224,3,male,20.0,0,0,7.9,S,0
224,225,3,male,18.0,0,0,8.1,S,1
225,226,3,male,16.0,1,3,34.4,S,0
226,227,3,male,7.0,4,1,29.1,Q,0
227,228,1,male,61.0,0,0,33.5,S,0
228,229,3,male,29.3817537087912,0,0,7.9,S,0
229,230,3,male,29.3817537087912,0,0,7.2,C,0
230,231,3,male,14.5,8,2,69.6,S,0
231,232,2,female,32.0,0,0,13.0,S,1
232,233,3,male,19.0,0,0,8.1,S,1
233,234,3,female,29.3817537087912,0,0,7.8,Q,1
234,235,1,female,60.0,0,0,76.3,C,1
235,236,3,male,20.5,0,0,7.3,S,0
236,237,3,male,9.0,0,1,3.2,S,1
237,238,1,male,29.3817537087912,0,0,35.0,S,0
238,239,3,male,29.3817537087912,1,0,7.8,Q,0
239,240,1,female,53.0,0,0,27.4,C,1
240,241,3,male,29.3817537087912,0,0,7.9,S,0
241,242,3,male,29.3817537087912,0,0,7.1,S,0
242,243,3,female,41.0,0,5,39.7,S,0
243,244,3,male,20.0,0,0,7.2,C,0
244,245,3,male,25.0,0,0,7.9,S,0
245,246,1,male,21.0,0,1,77.3,S,0
246,247,3,male,23.0,0,0,7.9,S,0
247,248,1,male,19.0,3,2,263.0,S,0
248,249,3,male,33.0,0,0,8.7,S,0
249,250,2,male,29.0,1,0,26.0,S,0
250,251,3,female,24.0,0,3,19.3,C,1
251,252,2,female,30.0,0,0,12.4,Q,1
252,253,3,male,29.0,0,0,9.5,S,1
253,254,2,male,41.0,0,0,13.0,S,0
254,255,3,female,29.3817537087912,0,0,7.2,C,1
255,256,3,male,41.0,0,0,7.9,S,0
256,257,3,male,32.0,0,0,56.5,S,1
257,258,2,male,29.3817537087912,0,0,0.0,S,0
258,259,3,female,43.0,1,6,46.9,S,0
259,260,1,female,45.0,0,0,262.4,C,1
260,261,2,male,60.0,1,1,39.0,S,0
261,262,1,male,42.0,0,0,42.5,S,0
262,263,1,female,14.0,1,2,120.0,S,1
263,264,2,male,41.0,0,0,15.0,C,0
264,265,2,female,50.0,0,0,10.5,S,1
265,266,3,male,14.0,0,0,9.2,S,1
266,267,3,female,29.3817537087912,0,0,7.8,Q,1
267,268,3,male,74.0,0,0,7.8,S,0
268,269,2,female,17.0,0,0,10.5,S,1
269,270,3,male,18.0,0,0,7.8,S,0
270,271,2,female,42.0,1,0,26.0,S,1
271,272,1,female,44.0,0,0,27.7,C,1
272,273,3,male,29.3817537087912,0,0,7.7,Q,0
273,274,2,female,4.0,2,1,39.0,S,1
274,275,2,male,36.5,0,2,26.0,S,0
275,276,2,female,26.0,1,1,26.0,S,0
276,277,3,male,29.3817537087912,0,0,7.9,S,0
277,278,3,female,21.0,0,0,7.7,S,1
278,279,3,male,29.3817537087912,0,0,7.8,Q,0
279,280,1,male,29.3817537087912,0,0,0.0,S,0
280,281,3,female,37.0,0,0,9.6,S,0
281,282,1,female,29.3817537087912,1,0,89.1,C,1
282,283,2,male,57.0,0,0,13.0,S,0
283,284,3,male,3.0,4,2,31.4,S,1
284,285,2,male,8.0,0,2,32.5,S,1
285,286,1,male,4.0,0,2,81.9,S,1
286,287,3,male,29.3817537087912,0,0,7.9,Q,0
287,288,3,male,29.3817537087912,0,0,7.8,Q,0
288,289,3,male,33.0,0,0,7.8,S,0
289,290,3,male,29.3817537087912,8,2,69.6,S,0
290,291,1,male,49.0,1,0,56.9,C,1
291,292,2,female,22.0,1,1,29.0,S,1
292,293,1,male,65.0,0,1,62.0,C,0
293,294,2,female,3.0,1,2,41.6,C,1
294,295,3,male,29.3817537087912,0,0,56.5,S,0
295,296,1,female,36.0,0,0,31.7,C,0
296,297,1,male,29.3817537087912,0,0,30.7,C,0
297,298,3,male,28.0,2,0,7.9,S,0
298,299,3,male,29.3817537087912,0,0,56.5,S,1
299,300,2,male,25.0,1,2,41.6,C,0
300,301,1,female,64.0,1,1,26.6,S,1
301,302,1,male,38.0,1,0,90.0,S,1
302,303,3,male,23.0,0,0,7.9,S,0
303,304,3,female,2.0,4,2,31.3,S,0
304,305,1,male,48.0,1,0,52.0,S,1
305,306,1,male,25.0,1,0,91.1,C,1
306,307,1,male,29.3817537087912,0,0,39.6,S,1
307,308,1,male,55.0,1,0,59.4,C,0
308,309,3,male,40.0,0,0,7.2,C,0
309,310,3,male,29.3817537087912,1,0,24.2,Q,0
310,311,1,female,54.0,1,1,81.9,S,1
311,312,1,female,35.0,0,0,135.6,S,1
312,313,3,male,44.0,0,0,7.9,S,1
313,314,3,male,21.0,2,0,24.2,S,0
314,315,1,male,42.0,1,0,52.0,S,0
315,316,2,female,29.0,1,0,26.0,S,0
316,317,2,female,26.0,0,0,13.5,S,1
317,318,2,male,24.0,0,0,13.0,S,0
318,319,2,male,18.5,0,0,13.0,S,0
319,320,3,female,31.0,1,0,18.0,S,0
320,321,3,female,27.0,0,0,7.9,Q,0
321,322,1,male,61.0,0,0,32.3,S,0
322,323,3,male,51.0,0,0,7.1,S,0
323,324,3,female,22.0,0,0,9.0,S,1
324,325,3,male,21.0,0,0,8.1,S,0
325,326,2,male,40.0,1,0,26.0,S,0
326,327,3,female,16.0,0,0,7.7,Q,1
327,328,2,female,6.0,0,1,33.0,S,1
328,329,2,female,4.0,1,1,23.0,S,1
329,330,1,male,80.0,0,0,30.0,S,1
330,331,2,female,40.0,0,0,15.8,S,1
331,332,2,male,21.0,0,0,73.5,S,0
332,333,3,male,29.3817537087912,0,0,8.1,S,0
333,334,1,female,35.0,1,0,53.1,S,1
334,335,1,male,32.0,0,0,30.5,C,1
335,336,3,male,29.3817537087912,0,0,7.9,S,0
336,337,3,male,32.0,0,0,7.8,S,1
337,338,3,male,20.0,0,0,7.9,S,1
338,339,3,male,29.3817537087912,1,0,14.5,C,0
339,340,3,male,20.0,0,0,7.9,S,0
340,341,1,male,29.3817537087912,0,0,25.7,C,1
341,342,3,male,32.0,0,0,7.6,S,1
342,343,1,male,0.9167,1,2,151.6,S,1
343,344,1,male,36.0,1,2,120.0,S,1
344,345,2,male,34.0,1,0,26.0,S,0
345,346,3,male,20.0,0,0,7.9,S,0
346,347,2,male,30.0,0,0,13.0,S,0
347,348,3,female,29.3817537087912,0,0,7.8,Q,1
348,349,1,male,47.0,0,0,34.0,S,0
349,350,1,female,24.0,0,0,49.5,C,1
350,351,3,male,29.3817537087912,0,0,7.9,C,0
351,352,1,male,57.0,1,1,164.9,S,0
352,353,3,female,19.0,1,0,7.9,S,1
353,354,3,male,39.0,1,5,31.3,S,0
354,355,2,male,39.0,0,0,13.0,S,0
355,356,3,male,29.3817537087912,2,0,21.7,C,0
356,357,1,female,22.0,0,1,55.0,S,1
357,358,3,male,20.0,0,0,7.1,S,0
358,359,3,male,29.3817537087912,0,0,14.5,S,0
359,360,3,male,37.0,2,0,7.9,S,0
360,361,3,male,22.0,0,0,7.2,C,1
361,362,3,female,29.3817537087912,0,0,7.6,Q,0
362,363,3,male,29.3817537087912,0,0,8.1,S,0
363,364,1,male,60.0,1,1,79.2,C,1
364,365,2,male,36.0,0,0,12.9,C,0
365,366,1,female,35.0,1,0,57.8,C,1
366,367,3,male,29.3817537087912,0,0,7.2,C,0
367,368,3,male,29.3817537087912,0,0,8.1,S,0
368,369,3,male,34.0,0,0,8.1,S,0
369,370,2,male,18.0,0,0,11.5,S,0
370,371,2,female,30.0,3,0,21.0,S,1
371,372,1,male,45.5,0,0,28.5,S,0
372,373,2,male,24.0,0,0,10.5,S,1
373,374,3,male,31.0,0,0,7.7,Q,0
374,375,3,male,29.3817537087912,1,0,16.1,S,0
375,376,3,male,51.0,0,0,8.1,S,0
376,377,3,female,5.0,4,2,31.4,S,1
377,378,2,male,29.0,1,0,21.0,S,0
378,379,3,female,29.3817537087912,0,0,7.8,Q,0
379,380,3,male,29.3817537087912,0,0,8.1,S,0
380,381,3,female,19.0,1,1,15.7,C,1
381,382,3,male,42.0,0,0,7.7,S,0
382,383,2,male,27.0,1,0,26.0,S,0
383,384,2,female,28.0,1,0,26.0,S,1
384,385,3,male,29.3817537087912,0,0,8.7,S,0
385,386,2,female,24.0,1,0,27.7,C,1
386,387,2,male,16.0,0,0,26.0,S,0
387,388,2,male,34.0,0,0,13.0,S,0
388,389,3,male,29.3817537087912,1,0,15.5,Q,0
389,390,2,female,27.0,0,0,10.5,S,1
390,391,3,male,0.8333,0,1,9.4,S,1
391,392,3,male,25.0,0,0,7.7,Q,0
392,393,1,female,39.0,1,1,79.7,S,1
393,394,3,male,30.0,0,0,7.3,S,0
394,395,3,male,29.3817537087912,0,0,7.2,C,0
395,396,3,female,24.0,1,0,15.9,S,1
396,397,3,male,29.3817537087912,0,0,7.8,Q,0
397,398,2,female,28.0,1,0,24.0,C,1
398,399,1,female,16.0,0,1,58.0,C,1
399,400,1,male,65.0,0,0,26.6,S,0
400,401,2,male,34.0,1,0,21.0,S,0
401,402,3,male,42.0,0,0,8.7,S,0
402,403,3,male,29.3817537087912,0,0,7.1,S,1
403,404,3,male,29.3817537087912,1,0,16.1,S,0
404,405,3,male,28.0,0,0,7.9,S,0
405,406,3,male,29.3817537087912,0,0,7.0,S,0
406,407,2,male,30.0,0,0,13.0,S,0
407,408,3,male,18.0,1,1,20.2,S,0
408,409,3,male,41.0,2,0,14.1,S,0
409,410,1,male,45.0,1,1,134.5,C,1
410,411,1,male,29.3817537087912,0,0,39.6,C,0
411,412,3,female,22.0,0,0,7.8,S,1
412,413,3,male,29.3817537087912,0,0,7.9,S,0
413,414,2,female,24.0,0,0,13.0,S,0
414,415,2,female,24.0,1,2,65.0,S,1
415,416,2,male,46.0,0,0,26.0,S,0
416,417,3,female,3.0,3,1,21.1,S,0
417,418,3,male,17.0,0,0,7.1,S,0
418,419,1,male,37.0,0,1,29.7,C,0
419,420,2,female,22.0,1,2,41.6,C,1
420,421,3,male,24.0,0,0,7.8,S,0
421,422,3,male,24.0,0,0,9.5,S,0
422,423,1,male,47.0,0,0,42.4,S,0
423,424,1,female,31.0,0,2,164.9,S,1
424,425,1,female,16.0,0,0,86.5,S,1
425,426,1,female,59.0,2,0,51.5,S,1
426,427,3,male,29.3817537087912,0,0,7.6,S,0
427,428,3,male,21.0,0,0,7.9,S,0
428,429,3,female,23.0,0,0,8.1,S,1
429,430,3,male,28.0,0,0,9.5,S,0
430,431,3,male,18.0,0,0,7.8,S,0
431,432,2,male,23.0,0,0,13.0,S,0
432,433,3,male,29.3817537087912,0,0,7.9,S,0
433,434,1,female,48.0,1,3,262.4,C,1
434,435,3,male,24.0,0,0,7.6,S,1
435,436,3,male,26.0,0,0,7.8,S,1
436,437,2,male,61.0,0,0,12.4,Q,0
437,438,3,female,29.3817537087912,0,0,8.1,S,0
438,439,2,male,36.0,0,0,10.5,S,0
439,440,3,female,19.0,1,0,16.1,S,0
440,441,2,male,30.0,1,1,26.0,S,0
441,442,3,female,29.3817537087912,3,1,25.5,S,0
442,443,1,male,46.0,1,0,61.2,S,0
443,444,1,male,35.0,0,0,26.3,S,1
444,445,3,male,17.0,0,0,8.7,S,0
445,446,1,female,2.0,1,2,151.6,S,0
446,447,3,male,29.3817537087912,0,0,24.2,Q,0
447,448,3,male,1.0,4,1,39.7,S,0
448,449,3,female,25.0,1,0,7.9,S,0
449,450,3,male,29.3817537087912,0,0,7.8,Q,0
450,451,3,male,24.0,0,0,8.1,S,0
451,452,2,female,30.0,0,0,13.0,S,1
452,453,2,male,14.0,0,0,65.0,S,0
453,454,2,male,17.0,0,0,73.5,S,0
454,455,1,male,30.0,0,0,27.8,C,0
455,456,3,male,21.0,0,0,7.2,C,0
456,457,3,female,45.0,0,0,7.2,C,1
457,458,3,female,29.3817537087912,2,0,23.3,Q,1
458,459,3,male,38.0,0,0,7.1,S,0
459,460,3,female,47.0,1,0,14.5,S,0
460,461,3,female,1.0,1,1,16.7,S,1
461,462,1,male,29.3817537087912,0,0,30.0,S,1
462,463,2,female,31.0,0,0,21.0,S,1
463,464,3,male,16.0,0,0,9.2,S,0
464,465,3,female,18.0,0,1,9.4,S,1
465,466,3,female,20.0,0,0,7.9,S,0
466,467,1,female,24.0,0,0,69.3,C,1
467,468,3,female,39.0,0,5,29.1,Q,0
468,469,3,male,26.0,1,2,20.6,S,0
469,470,3,male,19.0,0,0,8.1,S,0
470,471,3,male,30.5,0,0,8.1,S,0
471,472,2,male,42.0,0,0,13.0,S,1
472,473,1,female,17.0,1,0,108.9,C,1
473,474,3,male,29.3817537087912,0,0,7.2,C,0
474,475,1,male,29.3817537087912,0,0,31.0,S,0
475,476,3,male,22.0,0,0,7.1,S,0
476,477,1,female,29.3817537087912,0,0,79.2,C,1
477,478,2,female,29.3817537087912,0,0,21.0,S,0
478,479,3,male,25.0,0,0,7.9,S,0
479,480,2,male,30.0,0,0,12.7,C,1
480,481,2,male,30.0,1,0,21.0,S,0
481,482,3,female,9.0,1,1,15.2,C,1
482,483,1,female,26.0,1,0,136.8,C,1
483,484,1,male,24.0,0,0,79.2,C,0
484,485,3,male,27.0,0,0,8.7,S,1
485,486,3,female,4.0,0,2,22.0,S,1
486,487,1,female,42.0,0,0,227.5,C,1
487,488,3,male,47.0,0,0,7.3,S,0
488,489,1,male,36.0,0,1,512.3,C,1
489,490,2,female,12.0,0,0,15.8,S,1
490,491,3,male,19.0,0,0,7.8,S,0
491,492,3,male,29.3817537087912,0,0,7.8,Q,0
492,493,1,female,26.0,0,0,78.9,S,1
493,494,3,female,22.0,0,0,7.8,Q,1
494,495,3,male,28.0,0,0,22.5,S,0
495,496,1,female,23.0,1,0,82.3,S,1
496,497,3,male,43.0,0,0,6.5,S,0
497,498,1,female,54.0,1,0,78.3,C,1
498,499,3,female,35.0,1,1,20.3,S,1
499,500,3,male,29.3817537087912,0,0,7.7,Q,0
500,501,3,female,29.3817537087912,0,0,7.7,Q,1
501,502,1,female,29.3817537087912,1,0,51.9,S,1
502,503,3,male,21.0,0,0,7.8,S,0
503,504,2,male,36.0,0,0,13.0,S,0
504,505,2,female,20.0,0,0,36.8,S,1
505,506,2,female,24.0,2,1,27.0,S,1
506,507,1,female,28.0,3,2,263.0,S,1
507,508,1,male,62.0,0,0,26.6,S,0
508,509,1,female,29.0,0,0,221.8,S,1
509,510,3,female,29.3817537087912,0,0,7.8,Q,0
510,511,3,female,29.3817537087912,1,0,15.5,Q,1
511,512,2,female,28.0,0,0,13.0,S,1
512,513,3,male,29.3817537087912,0,0,8.1,S,0
513,514,3,male,24.0,0,0,9.3,S,0
514,515,3,male,29.3817537087912,0,0,7.8,S,0
515,516,2,female,30.0,0,0,13.0,S,0
516,517,3,female,29.3817537087912,0,0,8.1,S,1
517,518,3,male,22.0,0,0,7.9,S,0
518,519,2,female,24.0,1,1,37.0,C,1
519,520,3,female,18.0,0,0,7.9,Q,0
520,521,3,female,29.3817537087912,1,0,14.5,C,0
521,522,1,male,37.0,1,1,52.6,S,1
522,523,1,female,60.0,1,0,75.3,C,1
523,524,3,male,29.3817537087912,8,2,69.6,S,0
524,525,2,female,19.0,0,0,26.0,S,1
525,526,3,male,18.0,0,0,8.7,S,0
526,527,2,male,28.0,0,0,10.5,S,0
527,528,3,male,29.3817537087912,0,0,7.9,S,0
528,529,3,male,4.0,4,2,31.3,S,0
529,530,3,male,29.3817537087912,0,0,7.8,Q,0
530,531,1,male,53.0,1,1,81.9,S,1
531,532,3,female,33.0,1,2,20.6,S,1
532,533,3,male,25.0,0,0,7.7,S,0
533,534,3,male,29.3817537087912,0,0,7.8,Q,1
534,535,3,male,44.0,0,1,16.1,S,0
535,536,2,male,25.0,0,0,13.0,S,0
536,537,3,female,41.0,0,2,20.2,S,0
537,538,1,male,29.3817537087912,0,0,35.5,S,1
538,539,3,male,4.0,1,1,11.1,S,1
539,540,2,male,24.0,0,0,13.5,S,0
540,541,2,female,7.0,0,2,26.3,S,1
541,542,2,female,29.3817537087912,0,0,33.0,S,1
542,543,3,male,11.5,1,1,14.5,S,0
543,544,3,male,1.0,1,2,20.6,S,1
544,545,1,male,36.0,0,0,26.4,S,1
545,546,2,male,34.0,0,0,13.0,S,0
546,547,2,female,34.0,0,1,23.0,S,1
547,548,2,female,5.0,1,2,27.8,S,1
548,549,3,male,32.0,0,0,8.4,S,0
549,550,3,male,29.3817537087912,0,0,7.0,Q,0
550,551,3,male,17.0,1,0,7.1,S,0
551,552,3,female,29.3817537087912,8,2,69.6,S,0
552,553,1,male,28.0,0,0,35.5,S,1
553,554,2,female,48.0,1,2,65.0,S,1
554,555,3,male,35.0,0,0,7.9,C,0
555,556,1,male,67.0,1,0,221.8,S,0
556,557,1,male,42.0,0,0,26.6,S,0
557,558,2,female,40.0,0,0,13.0,S,1
558,559,3,female,29.3817537087912,0,2,22.4,C,1
559,560,1,male,29.3817537087912,0,0,42.4,S,0
560,561,2,male,44.0,0,0,13.0,S,0
561,562,3,male,21.0,1,0,6.5,S,0
562,563,3,female,5.0,0,0,12.5,S,1
563,564,1,male,39.0,0,0,29.7,C,0
564,565,1,male,50.0,2,0,133.7,S,1
565,566,2,male,2.0,1,1,26.0,S,1
566,567,3,male,18.0,0,0,7.8,S,0
567,568,1,female,18.0,2,2,262.4,C,1
568,569,1,female,58.0,0,1,512.3,C,1
569,570,2,male,30.0,0,0,13.0,S,0
570,571,2,male,24.0,0,0,10.5,S,0
571,572,3,male,7.0,1,1,15.2,C,1
572,573,3,female,29.0,0,2,15.2,C,1
573,574,2,female,50.0,0,1,26.0,S,1
574,575,3,male,29.0,0,0,7.9,C,1
575,576,1,female,31.0,1,0,113.3,C,1
576,577,3,male,21.0,0,0,8.1,S,0
577,578,2,female,54.0,1,3,23.0,S,1
578,579,3,male,20.0,0,0,7.9,S,0
579,580,1,female,30.0,0,0,106.4,C,1
580,581,3,male,17.0,0,0,7.9,S,0
581,582,1,male,31.0,0,0,50.5,S,0
582,583,3,female,16.0,0,0,7.7,S,1
583,584,3,male,29.3817537087912,0,0,7.8,Q,0
584,585,1,male,27.0,0,0,76.7,C,1
585,586,3,female,45.0,0,1,14.5,C,0
586,587,1,female,21.0,0,0,78.0,S,1
587,588,3,female,21.0,0,0,7.8,Q,0
588,589,1,female,24.0,0,0,83.2,C,1
589,590,2,female,18.0,1,1,13.0,S,0
590,591,1,female,60.0,1,4,263.0,S,1
591,592,3,female,2.0,1,1,20.2,S,0
592,593,3,female,29.3817537087912,0,0,7.8,Q,1
593,594,3,male,28.0,0,0,9.5,S,0
594,595,2,male,29.0,0,0,13.9,C,1
595,596,1,male,42.0,1,0,52.6,S,1
596,597,3,male,48.0,0,0,7.9,S,0
597,598,3,female,29.3817537087912,0,0,7.8,Q,1
598,599,2,female,24.0,1,0,26.0,S,1
599,600,3,female,21.0,1,0,9.8,S,0
600,601,1,female,29.3817537087912,0,0,110.9,C,1
601,602,1,male,29.3817537087912,0,0,50.0,S,0
602,603,3,male,29.3817537087912,0,0,8.1,S,0
603,604,3,male,39.0,0,0,7.9,S,0
604,605,3,male,29.3817537087912,0,0,7.6,S,0
605,606,3,female,21.0,2,2,34.4,S,0
606,607,2,male,39.0,0,0,13.0,S,0
607,608,3,male,0.75,1,1,13.8,S,0
608,609,1,male,55.0,1,1,93.5,S,0
609,610,3,female,1.0,1,1,11.1,S,1
610,611,2,female,25.0,1,1,30.0,S,1
611,612,1,female,45.0,0,1,59.4,C,1
612,613,2,female,34.0,0,0,13.0,S,1
613,614,2,male,28.0,0,0,26.0,S,0
614,615,3,male,30.0,0,0,9.5,S,1
615,616,3,female,18.0,0,0,8.1,S,1
616,617,3,male,32.0,0,0,56.5,S,1
617,618,1,male,30.0,0,0,45.5,S,0
618,619,2,female,41.0,0,1,19.5,S,1
619,620,1,female,33.0,0,0,151.6,S,1
620,621,3,female,29.3817537087912,0,0,7.8,Q,1
621,622,1,male,49.0,0,0,26.0,S,0
622,623,3,male,31.0,0,0,7.8,S,0
623,624,3,female,29.3817537087912,8,2,69.6,S,0
624,625,1,male,56.0,0,0,30.7,C,0
625,626,3,male,29.3817537087912,0,0,7.9,S,0
626,627,3,male,29.3817537087912,0,0,14.5,S,0
627,628,3,male,28.5,0,0,7.2,C,0
628,629,1,female,21.0,0,0,26.6,S,1
629,630,3,male,29.3817537087912,0,0,6.9,Q,0
630,631,3,female,16.0,1,1,8.5,C,1
631,632,1,female,21.0,2,2,262.4,C,1
632,633,3,male,34.5,0,0,7.8,Q,0
633,634,2,male,26.0,0,0,13.0,S,0
634,635,2,male,34.0,1,0,21.0,S,0
635,636,2,female,31.0,1,1,26.3,S,1
636,637,1,female,51.0,0,1,39.4,S,1
637,638,3,female,23.0,0,0,7.6,S,1
638,639,3,male,30.0,0,0,7.9,S,0
639,640,3,female,29.3817537087912,0,0,7.6,S,0
640,641,2,male,50.0,0,0,13.0,S,0
641,642,3,male,21.0,0,0,16.1,S,0
642,643,3,male,30.0,0,0,7.2,C,0
643,644,1,female,15.0,0,1,211.3,S,1
644,645,3,male,19.0,0,0,7.9,S,0
645,646,3,male,47.0,0,0,9.0,S,0
646,647,1,male,70.0,1,1,71.0,S,0
647,648,3,female,16.0,0,0,7.8,Q,1
648,649,1,male,33.0,0,0,26.6,S,0
649,650,3,female,28.0,1,1,14.4,S,0
650,651,3,female,26.0,1,0,16.1,S,0
651,652,3,male,16.0,0,0,8.1,S,1
652,653,1,male,29.0,0,0,30.0,S,0
653,654,1,male,17.0,0,0,47.1,S,0
654,655,3,male,65.0,0,0,7.8,Q,0
655,656,3,male,22.0,0,0,7.3,S,0
656,657,2,male,25.0,0,0,31.5,S,0
657,658,2,female,32.5,0,0,13.0,S,1
658,659,3,male,29.3817537087912,0,0,8.1,S,0
659,660,3,male,29.3817537087912,0,0,7.2,C,0
660,661,3,male,26.0,0,0,8.1,S,0
661,662,2,female,36.0,0,0,13.0,S,1
662,663,3,male,27.0,0,0,7.9,S,0
663,664,3,male,29.3817537087912,1,2,23.5,S,0
664,665,3,male,34.0,0,0,8.1,S,0
665,666,3,male,29.3817537087912,0,0,15.1,S,0
666,667,3,male,29.3817537087912,0,0,7.3,S,0
667,668,2,male,0.6667,1,1,14.5,S,1
668,669,1,male,24.0,1,0,60.0,S,0
669,670,1,female,29.3817537087912,1,0,82.2,C,1
670,671,1,female,18.0,1,0,227.5,C,1
671,672,3,female,29.3817537087912,0,0,7.2,C,1
672,673,3,male,29.3817537087912,1,0,7.8,Q,0
673,674,3,male,29.3817537087912,0,0,7.9,S,0
674,675,1,male,46.0,0,0,79.2,C,0
675,676,1,male,29.0,1,0,66.6,S,0
676,677,3,male,29.3817537087912,0,0,7.9,S,0
677,678,3,male,20.0,0,0,9.5,S,0
678,679,3,male,36.0,0,0,7.9,S,0
679,680,2,male,59.0,0,0,13.5,S,0
680,681,3,female,22.0,2,0,8.7,S,0
681,682,3,male,2.0,4,1,29.1,Q,0
682,683,2,female,34.0,0,0,10.5,S,1
683,684,2,female,29.0,1,0,26.0,S,1
684,685,3,male,14.0,5,2,46.9,S,0
685,686,3,male,29.3817537087912,1,9,69.6,S,0
686,687,1,male,45.0,0,0,35.5,S,0
687,688,3,male,22.0,0,0,7.5,S,0
688,689,2,male,23.0,0,0,13.0,S,0
689,690,3,male,45.0,0,0,8.1,S,1
690,691,3,female,29.3817537087912,1,0,16.1,S,1
691,692,1,female,45.0,1,0,52.6,S,1
692,693,2,male,29.0,0,0,10.5,S,0
693,694,3,male,21.0,0,0,8.1,S,0
694,695,3,male,29.3817537087912,0,0,8.1,S,0
695,696,1,male,71.0,0,0,34.7,C,0
696,697,3,female,16.0,5,2,46.9,S,0
697,698,2,female,45.0,0,2,30.0,S,1
698,699,1,male,51.0,0,0,26.6,S,1
699,700,3,female,29.3817537087912,1,9,69.6,S,0
700,701,3,male,29.3817537087912,0,0,7.9,S,0
701,702,3,female,24.0,0,0,7.8,Q,1
702,703,3,male,36.0,0,0,7.3,S,0
703,704,1,male,62.0,0,0,26.6,S,0
704,705,2,male,1.0,0,2,37.0,C,1
705,706,2,male,35.0,0,0,12.4,Q,0
706,707,3,male,29.3817537087912,0,0,7.8,Q,0
707,708,3,female,29.3817537087912,8,2,69.6,S,0
708,709,3,male,30.0,1,0,16.1,S,0
709,710,1,female,50.0,1,1,211.5,C,1
710,711,2,male,54.0,1,0,26.0,S,0
711,712,2,female,34.0,1,1,32.5,S,1
712,713,2,male,3.0,1,1,26.0,S,1
713,714,3,female,29.3817537087912,0,0,7.8,Q,1
714,715,3,male,29.3817537087912,0,0,8.1,S,0
715,716,1,male,61.0,1,3,262.4,C,0
716,717,3,male,21.0,0,0,7.8,S,0
717,718,3,male,29.3817537087912,0,0,7.3,S,0
718,719,2,male,31.0,1,1,37.0,C,0
719,720,3,female,29.3817537087912,1,0,24.2,Q,1
720,721,3,male,0.3333,0,2,14.4,S,0
721,722,3,male,29.3817537087912,0,0,7.8,Q,0
722,723,2,male,26.0,0,0,13.0,S,0
723,724,2,male,40.0,0,0,13.0,S,0
724,725,1,male,45.0,1,0,83.5,S,0
725,726,2,male,0.8333,1,1,18.8,S,1
726,727,3,female,4.0,1,1,16.7,S,1
727,728,2,male,29.3817537087912,0,0,0.0,S,0
728,729,3,male,22.0,0,0,9.0,S,0
729,730,1,female,48.0,1,0,106.4,C,1
730,731,2,male,50.0,1,0,26.0,S,0
731,732,3,female,18.0,0,0,7.8,S,1
732,733,2,male,29.3817537087912,0,0,0.0,S,0
733,734,1,female,39.0,1,0,55.9,S,1
734,735,3,male,39.0,0,2,7.2,C,0
735,736,2,male,0.8333,0,2,29.0,S,1
736,737,3,male,29.3817537087912,0,0,8.1,S,0
737,738,3,male,29.3817537087912,0,0,7.8,S,0
738,739,3,female,29.3817537087912,0,0,15.5,Q,1
739,740,3,female,29.3817537087912,1,2,23.5,S,0
740,741,3,male,2.0,4,1,39.7,S,0
741,742,3,male,27.0,0,0,7.0,S,1
742,743,3,female,14.0,0,0,7.9,S,0
743,744,2,male,29.3817537087912,0,0,15.0,C,0
744,745,3,male,29.3817537087912,0,0,8.1,S,0
745,746,3,female,13.0,0,0,7.2,C,1
746,747,2,male,38.0,1,0,21.0,S,0
747,748,1,female,38.0,1,0,71.3,C,1
748,749,1,male,28.0,0,0,26.6,S,1
749,750,3,male,22.0,0,0,7.8,S,0
750,751,1,female,52.0,1,0,78.3,C,1
751,752,1,female,27.0,1,2,52.0,S,1
752,753,1,female,43.0,1,0,55.4,C,1
753,754,1,female,33.0,1,0,53.1,S,1
754,755,3,male,26.0,2,0,8.7,S,0
755,756,3,male,14.0,4,1,39.7,S,0
756,757,3,male,27.0,0,0,7.8,S,1
757,758,3,female,27.0,0,1,12.5,S,1
758,759,3,female,29.3817537087912,0,0,7.9,Q,1
759,760,3,male,33.0,0,0,7.9,C,0
760,761,3,male,29.3817537087912,0,0,7.6,S,0
761,762,2,male,36.0,0,0,13.0,S,0
762,763,3,male,29.3817537087912,0,0,7.2,C,0
763,764,3,male,21.0,0,0,7.7,Q,0
764,765,3,female,31.0,0,0,8.7,S,1
765,766,3,male,22.0,0,0,7.8,S,0
766,767,2,male,35.0,0,0,26.0,S,0
767,768,3,female,29.3817537087912,3,1,25.5,S,0
768,769,3,male,36.0,1,1,24.2,S,0
769,770,1,male,21.0,0,1,61.4,C,1
770,771,1,male,29.3817537087912,0,0,52.0,S,0
771,772,3,male,24.0,0,0,7.1,S,0
772,773,1,male,31.0,0,0,28.5,C,1
773,774,1,male,48.0,0,0,50.5,C,0
774,775,3,male,29.3817537087912,0,0,56.5,S,1
775,776,1,male,29.3817537087912,0,0,0.0,S,0
776,777,1,male,36.0,0,0,26.3,S,1
777,778,3,female,0.75,2,1,19.3,C,1
778,779,3,female,38.0,4,2,7.8,S,0
779,780,2,male,23.0,0,0,13.0,S,0
780,781,2,male,42.0,0,0,13.0,S,0
781,782,3,male,29.0,1,0,7.0,S,0
782,783,1,male,29.3817537087912,0,0,26.6,S,0
783,784,3,male,39.0,0,0,24.2,S,0
784,785,1,male,49.0,1,0,89.1,C,1
785,786,3,male,29.3817537087912,0,0,7.9,C,0
786,787,3,female,18.0,1,0,17.8,S,0
787,788,3,male,28.5,0,0,16.1,S,0
788,789,3,male,59.0,0,0,7.3,S,0
789,790,3,male,24.0,0,0,7.5,S,0
790,791,3,male,29.3817537087912,0,0,7.3,S,0
791,792,1,female,36.0,0,2,71.0,S,1
792,793,3,male,29.3817537087912,0,0,7.2,C,0
793,794,3,male,10.0,3,2,27.9,S,0
794,795,2,male,32.0,0,0,10.5,S,0
795,796,1,female,39.0,1,1,83.2,C,1
796,797,1,female,29.3817537087912,1,0,133.7,S,1
797,798,3,female,32.0,1,1,15.5,Q,0
798,799,2,female,29.0,1,0,26.0,S,1
799,800,1,male,46.0,0,0,75.2,C,0
800,801,3,female,39.0,1,5,31.3,S,0
801,802,2,female,13.0,0,1,19.5,S,1
802,803,2,male,27.0,0,0,13.0,S,0
803,804,3,female,29.3817537087912,0,0,7.8,Q,0
804,805,3,male,17.0,1,1,7.2,C,0
805,806,1,female,19.0,1,0,91.1,C,1
806,807,1,female,39.0,0,0,211.3,S,1
807,808,3,female,14.0,1,0,11.2,C,1
808,809,3,male,29.3817537087912,1,1,14.5,S,0
809,810,3,male,5.0,4,2,31.4,S,0
810,811,3,male,29.3817537087912,0,0,7.8,Q,0
811,812,1,male,29.3817537087912,0,0,25.9,S,0
812,813,1,female,58.0,0,0,26.6,S,1
813,814,1,female,33.0,0,0,27.7,C,1
814,815,3,male,29.3817537087912,0,0,7.9,S,0
815,816,3,female,17.0,0,0,7.7,Q,0
816,817,3,female,18.0,0,0,7.8,S,0
817,818,3,female,31.0,0,0,7.9,S,0
818,819,3,male,36.0,0,0,9.5,S,0
819,820,2,female,18.0,0,2,13.0,S,1
820,821,1,female,23.0,1,0,113.3,C,1
821,822,2,male,3.0,1,1,18.8,S,1
822,823,2,female,19.0,0,0,13.0,S,1
823,824,3,male,33.0,0,0,7.9,S,0
824,825,3,male,29.3817537087912,0,0,8.1,S,0
825,826,2,female,2.0,1,1,26.0,S,1
826,827,3,female,28.0,0,0,7.9,S,0
827,828,3,female,18.5,0,0,7.3,Q,0
828,829,2,male,54.0,0,0,26.0,S,0
829,830,3,male,29.3817537087912,0,0,7.7,Q,0
830,831,3,female,9.0,3,2,27.9,S,0
831,832,3,male,20.0,0,0,7.2,C,1
832,833,3,male,34.5,0,0,6.4,C,0
833,834,1,female,76.0,1,0,78.9,S,1
834,835,3,male,23.0,0,0,7.1,S,0
835,836,3,male,49.0,0,0,0.0,S,0
836,837,3,female,33.0,3,0,15.9,S,1
837,838,3,male,29.3817537087912,0,0,8.5,Q,0
838,839,3,male,29.3817537087912,0,0,7.2,C,1
839,840,3,female,0.1667,1,2,20.6,S,1
840,841,3,male,16.0,0,0,8.1,S,0
841,842,3,male,29.3817537087912,0,0,7.9,C,0
842,843,3,male,22.0,0,0,7.2,C,0
843,844,3,male,24.0,0,0,7.8,S,0
844,845,2,female,31.0,0,0,21.0,S,1
845,846,3,male,16.0,2,0,18.0,S,0
846,847,1,female,36.0,0,0,135.6,C,1
847,848,2,male,19.0,0,0,10.5,S,0
848,849,3,male,35.0,0,0,7.1,S,0
849,850,3,female,29.3817537087912,0,0,7.9,Q,1
850,851,2,female,24.0,0,0,13.0,S,1
851,852,3,female,17.0,4,2,7.9,S,1
852,853,1,male,23.0,0,1,63.4,C,1
853,854,1,male,40.0,0,0,31.0,C,1
854,855,3,male,26.5,0,0,7.2,C,0
855,856,1,male,28.0,0,0,47.1,S,0
856,857,1,female,24.0,3,2,263.0,S,1
857,858,3,male,29.3817537087912,0,0,7.8,Q,1
858,859,3,male,40.0,1,4,27.9,S,0
859,860,2,male,32.0,1,0,26.0,S,1
860,861,3,male,36.0,0,0,7.5,S,0
861,862,1,male,28.0,1,0,82.2,C,0
862,863,2,male,57.0,0,0,12.4,Q,0
863,864,2,male,70.0,0,0,10.5,S,0
864,865,3,male,19.0,0,0,8.2,S,0
865,866,3,female,30.0,0,0,7.6,Q,0
866,867,2,male,21.0,2,0,73.5,S,0
867,868,3,male,33.0,1,1,20.5,S,0
868,869,3,male,29.3817537087912,0,0,7.7,Q,0
869,870,3,male,8.0,4,1,29.1,Q,0
870,871,1,male,29.3817537087912,0,0,30.5,S,1
871,872,1,male,29.3817537087912,0,0,27.7,C,0
872,873,1,female,35.0,0,0,211.5,C,1
873,874,3,female,48.0,1,3,34.4,S,0
874,875,3,female,29.3817537087912,0,0,7.8,Q,0
875,876,2,male,28.0,0,0,10.5,S,0
876,877,1,male,24.0,0,1,247.5,C,0
877,878,3,male,29.3817537087912,0,0,7.9,S,0
878,879,2,female,35.0,0,0,21.0,S,1
879,880,2,male,29.3817537087912,0,0,10.7,Q,0
880,881,3,female,22.0,1,1,12.3,S,1
881,882,2,male,21.0,0,0,11.5,S,0
882,883,3,male,25.0,0,0,7.9,S,0
883,884,3,male,19.0,0,0,7.9,S,0
884,885,1,male,47.0,0,0,52.0,S,0
885,886,2,female,28.0,0,0,13.0,S,1
886,887,3,male,29.0,3,1,22.0,S,1
887,888,2,female,29.0,1,0,26.0,S,1
888,889,1,male,42.0,0,0,26.3,S,1
889,890,3,male,70.5,0,0,7.8,Q,0
890,891,1,female,29.3817537087912,0,0,31.7,S,1
891,892,3,female,45.0,1,0,14.1,S,1
892,893,3,male,29.3817537087912,1,0,6.4,C,0
893,894,3,female,26.0,0,2,13.8,S,0
894,895,3,male,25.0,0,0,7.1,S,0
895,896,2,male,19.0,0,0,13.0,S,0
896,897,3,female,8.0,3,1,21.1,S,0
897,898,3,male,40.0,1,1,15.5,Q,0
898,899,3,female,30.0,1,0,15.6,S,0
899,900,1,female,36.0,1,2,120.0,S,1
900,901,2,female,21.0,0,0,10.5,S,1
901,902,1,male,19.0,1,0,53.1,S,0
902,903,2,female,20.0,1,0,26.0,S,1
903,904,3,female,30.0,0,0,8.7,S,0
904,905,3,male,28.0,0,0,7.8,S,0
905,906,3,male,1.0,5,2,46.9,S,0
906,907,3,male,40.0,1,5,31.4,S,0
907,908,3,female,1.0,1,1,12.2,S,0
908,909,1,female,30.0,0,0,32.398897464167575,C,1
909,910,2,male,54.0,0,0,14.0,S,0
910,911,1,male,64.0,0,0,26.0,S,0
911,912,2,male,40.0,0,0,16.0,S,0
912,913,3,male,29.3817537087912,0,0,7.8,Q,0
913,914,1,male,42.0,0,0,26.6,S,0
914,915,3,female,27.0,1,0,7.9,S,0
915,916,3,male,25.0,1,0,7.8,S,1
